delta_1R,delta_2R,delta_1G,delta_2G,delta_1B,delta_2B,delta_1H,delta_2H,delta_1S,delta_2S,delta_1V,delta_2V,foto0_R_dentro,foto0_R_fora,foto0_G_dentro,foto0_G_fora,foto0_B_dentro,foto0_B_fora,foto0_H_dentro,foto0_H_fora,foto0_S_dentro,foto0_S_fora,foto0_V_dentro,foto0_V_fora,foto1_R_dentro,foto1_R_fora,foto1_G_dentro,foto1_G_fora,foto1_B_dentro,foto1_B_fora,foto1_H_dentro,foto1_H_fora,foto1_S_dentro,foto1_S_fora,foto1_V_dentro,foto1_V_fora,diagnostico
6,6,8,3,8,4,0,0,5,1,6,6,219,225,181,189,150,158,13,13,80,75,219,225,218,212,184,181,154,150,14,14,75,74,218,212,Controle
8,5,11,4,12,3,0,0,7,1,8,5,219,227,180,191,148,160,13,13,82,75,219,227,219,214,187,183,156,153,14,14,73,72,219,214,Controle
11,2,15,2,16,1,0,0,10,2,11,2,218,229,177,192,145,161,13,13,85,75,218,229,216,218,183,185,153,152,14,14,74,76,216,218,Controle
2,25,4,29,6,29,0,2,6,14,2,25,159,161,132,136,113,119,12,12,73,67,159,161,169,194,145,174,131,160,10,12,57,43,169,194,Controle
1,25,0,30,2,31,0,2,4,15,1,25,163,162,136,136,117,119,12,12,71,67,163,162,172,197,148,178,134,165,10,12,56,41,172,197,Controle
1,24,2,27,2,28,0,1,2,13,1,24,164,165,138,140,119,121,12,12,69,67,164,165,174,198,151,178,136,164,11,12,55,42,174,198,Controle
6,13,6,13,4,10,0,0,2,4,6,13,144,138,109,103,80,76,13,13,112,114,144,138,150,137,117,104,86,76,14,14,109,113,150,137,Controle
12,11,14,12,13,9,0,1,9,5,12,11,152,140,118,104,90,77,13,13,104,113,152,140,145,134,112,100,82,73,14,13,110,115,145,134,Controle
12,16,13,17,12,15,1,1,10,12,12,16,147,135,112,99,85,73,13,12,107,117,147,135,145,129,112,95,83,68,14,13,108,120,145,129,Controle
34,5,47,9,46,9,5,1,37,9,34,5,174,140,158,111,133,87,18,13,59,96,174,140,152,147,135,126,109,100,17,16,72,81,152,147,Controle
35,6,49,13,48,12,5,2,40,14,35,6,170,135,154,105,129,81,18,13,61,101,170,135,153,147,136,123,110,98,17,15,71,85,153,147,Controle
30,4,40,8,37,8,4,1,31,10,30,4,164,134,144,104,117,80,17,13,71,102,164,134,152,148,132,124,106,98,16,15,76,86,152,148,Controle
4,8,1,5,4,5,1,0,3,1,4,8,146,142,112,111,84,80,14,15,108,111,146,142,147,139,113,108,85,80,14,14,106,107,147,139,Controle
2,7,0,3,3,3,2,1,4,0,2,7,145,143,110,110,82,79,13,15,109,113,145,143,147,140,113,110,85,82,14,13,106,106,147,140,Controle
0,2,2,1,2,0,2,1,3,2,0,2,145,145,110,112,82,80,13,15,110,113,145,145,145,143,111,112,84,84,13,14,107,105,145,143,Controle
16,7,19,5,15,5,1,1,8,2,16,7,168,152,135,116,101,86,14,13,101,109,168,152,142,135,105,100,77,72,12,13,116,118,142,135,Controle
18,11,20,9,17,7,0,1,11,3,18,11,165,147,132,112,98,81,14,14,102,113,165,147,143,132,105,96,77,70,12,13,117,120,143,132,Controle
10,9,12,7,10,5,0,1,6,1,10,9,159,149,126,114,93,83,14,14,105,111,159,149,141,132,104,97,75,70,12,13,118,119,141,132,Controle
2,11,1,15,5,16,2,0,8,12,2,11,189,191,163,164,140,135,14,16,66,74,189,191,170,181,139,154,117,133,12,12,79,67,170,181,Controle
2,11,3,16,7,18,0,1,7,14,2,11,195,193,169,166,144,137,15,15,66,73,195,193,171,182,139,155,116,134,12,13,81,67,171,182,Controle
8,6,9,12,12,13,1,0,9,12,8,6,196,188,170,161,144,132,15,16,66,75,196,188,174,180,142,154,121,134,12,12,76,64,174,180,Controle
5,2,6,4,8,4,0,0,7,5,5,2,167,172,140,146,121,129,12,12,70,63,167,172,143,145,116,120,102,106,10,10,73,68,143,145,Controle
2,1,1,1,1,3,0,0,3,6,2,1,172,170,145,144,126,127,12,12,67,64,172,170,145,144,118,119,103,106,10,10,74,68,145,144,Controle
10,2,9,7,7,6,0,2,1,7,10,2,176,166,151,142,131,124,12,12,65,64,176,166,145,147,117,124,103,109,10,12,73,66,145,147,Controle
4,11,3,17,5,14,1,2,5,11,4,11,133,137,108,111,88,93,13,12,86,81,133,137,152,163,120,137,99,113,12,14,88,77,152,163,Controle
5,2,4,3,7,3,1,0,7,2,5,2,136,141,111,115,90,97,13,12,86,79,136,141,161,159,135,132,112,109,13,13,77,79,161,159,Controle
14,1,14,0,13,1,0,1,7,1,14,1,131,145,106,120,86,99,13,13,87,80,131,145,159,160,133,133,109,110,14,13,79,78,159,160,Controle
7,2,4,3,8,3,3,0,5,3,7,2,148,155,126,130,104,112,15,12,75,70,148,155,158,156,135,132,112,109,14,14,73,76,158,156,Controle
8,0,7,1,10,0,1,0,7,1,8,0,149,157,124,131,104,114,13,12,76,69,149,157,158,158,134,135,112,112,14,14,74,73,158,158,Controle
10,4,9,6,12,6,1,0,8,4,10,4,146,156,121,130,101,113,13,12,78,70,146,156,160,156,138,132,115,109,14,14,71,75,160,156,Controle
1,10,7,12,6,16,3,1,7,11,1,10,198,199,173,180,155,161,12,15,55,48,198,199,185,195,163,175,142,158,14,13,58,47,185,195,Controle
3,6,10,8,10,10,2,1,10,8,3,6,199,202,173,183,156,166,12,14,55,45,199,202,186,192,165,173,146,156,13,14,55,47,186,192,Controle
0,6,7,10,7,11,2,1,9,9,0,6,200,200,174,181,156,163,12,14,55,46,200,200,187,193,165,175,146,157,13,14,55,46,187,193,Controle
8,11,3,5,2,6,1,1,5,3,8,11,232,240,202,205,184,186,11,10,52,57,232,240,232,243,200,205,185,191,9,8,51,54,232,243,Controle
12,5,8,1,7,1,0,2,2,3,12,5,230,242,199,207,181,188,10,10,54,56,230,242,239,244,206,207,190,191,10,8,52,55,239,244,Controle
9,2,8,1,8,1,0,1,2,0,9,2,232,241,198,206,180,188,10,10,57,55,232,241,241,243,207,206,192,193,8,7,52,52,241,243,Controle
1,10,1,11,2,9,1,2,5,4,1,10,171,172,138,137,109,107,14,13,91,96,171,172,163,153,133,122,103,94,15,13,93,97,163,153,Controle
4,11,6,10,7,10,1,0,8,5,4,11,174,170,141,135,110,103,14,13,92,100,174,170,163,152,131,121,102,92,14,14,94,99,163,152,Controle
13,5,16,5,16,5,1,0,12,3,13,5,179,166,147,131,116,100,14,13,88,100,179,166,160,155,127,122,99,94,14,14,97,100,160,155,Controle
17,16,18,18,17,20,0,1,5,9,17,16,189,172,177,159,163,146,15,15,34,39,189,172,193,177,179,161,166,146,14,15,35,44,193,177,Controle
13,9,14,13,13,14,2,1,3,9,13,9,184,171,172,158,158,145,16,14,36,39,184,171,189,180,177,164,163,149,16,15,34,43,189,180,Controle
11,5,13,9,13,10,1,0,5,8,11,5,179,168,167,154,154,141,15,14,35,40,179,168,186,181,174,165,160,150,15,15,35,43,186,181,Controle
3,7,1,9,4,7,2,2,2,3,3,7,165,168,144,145,125,129,14,12,61,59,165,168,163,156,144,135,125,118,15,13,59,62,163,156,Controle
4,12,2,18,3,15,0,4,0,7,4,12,170,174,149,151,130,133,13,13,59,59,170,174,162,150,144,126,125,110,15,11,59,66,162,150,Controle
4,18,3,23,3,21,0,3,0,12,4,18,171,175,149,152,131,134,13,13,59,59,171,175,165,147,146,123,129,108,14,11,56,68,165,147,Controle
4,10,3,16,2,15,2,2,5,16,4,10,183,179,149,152,121,123,13,15,85,80,183,179,150,160,114,130,87,102,12,14,107,91,150,160,Controle
4,14,0,20,1,21,1,2,4,20,4,14,187,183,155,155,127,126,14,15,82,78,187,183,148,162,113,133,86,107,12,14,106,86,148,162,Controle
0,19,4,22,5,22,1,1,6,15,0,19,183,183,151,155,121,126,14,15,85,79,183,183,146,165,112,134,86,108,12,13,103,88,146,165,Controle
14,3,14,5,12,6,0,0,11,6,14,3,113,127,76,90,55,67,11,11,131,120,113,127,144,147,101,106,75,81,11,11,121,115,144,147,Controle
19,2,16,6,13,9,1,1,5,14,19,2,119,138,83,99,59,72,11,12,126,121,119,138,137,139,95,101,70,79,11,10,124,110,137,139,Controle
10,5,7,3,2,1,1,0,5,2,10,5,120,130,85,92,63,65,11,12,121,126,120,130,146,141,107,104,80,79,12,12,114,112,146,141,Controle
6,1,9,1,11,1,0,0,7,0,6,1,205,199,189,180,177,166,12,12,34,41,205,199,199,200,186,187,167,168,18,18,40,40,199,200,Controle
6,1,9,4,10,3,0,2,6,3,6,1,202,196,186,177,173,163,12,12,36,42,202,196,199,198,185,181,166,163,17,15,41,44,199,198,Controle
3,5,4,4,5,4,1,1,3,1,3,5,200,197,182,178,169,164,12,13,39,42,200,197,197,202,184,188,165,169,18,17,41,42,197,202,Controle
4,13,5,14,3,13,1,1,2,3,4,13,177,181,161,166,147,150,14,15,44,42,177,181,197,184,178,164,164,151,12,11,42,45,197,184,Controle
2,9,5,9,4,7,2,0,3,2,2,9,177,179,161,166,146,150,14,16,44,41,177,179,200,191,180,171,166,159,12,12,44,42,200,191,Controle
7,5,13,2,12,3,3,2,9,2,7,5,172,179,152,165,138,150,12,15,50,41,172,179,198,193,176,174,163,160,11,13,45,43,198,193,Controle
22,4,21,3,24,4,2,0,10,0,22,4,178,156,162,141,146,122,15,17,45,55,178,156,214,218,199,202,182,186,15,15,37,37,214,218,Controle
24,3,22,4,23,4,1,0,6,2,24,3,177,153,161,139,145,122,15,16,46,52,177,153,214,211,199,195,182,178,15,15,38,40,214,211,Controle
14,7,13,8,13,10,2,1,5,6,14,7,172,158,156,143,138,125,15,17,49,54,172,158,216,209,200,192,184,174,15,14,37,43,216,209,Controle
2,4,6,3,3,6,3,1,2,16,2,4,160,162,137,143,130,133,7,10,48,46,160,162,150,146,122,125,104,110,11,12,77,61,150,146,Controle
6,13,11,11,6,10,4,0,3,2,6,13,159,165,135,146,128,134,7,11,50,47,159,165,154,141,131,120,113,103,13,13,66,68,154,141,Controle
4,10,6,6,10,3,2,0,11,6,4,10,162,158,140,134,131,121,8,10,48,59,162,158,153,143,127,121,108,105,12,12,74,68,153,143,Controle
1,10,3,9,5,11,2,2,6,3,1,10,187,186,174,171,168,163,9,11,25,31,187,186,182,192,175,184,165,176,18,16,24,21,182,192,Controle
5,12,10,10,12,11,0,2,10,1,5,12,189,184,177,167,171,159,9,9,24,34,189,184,182,194,175,185,165,176,17,15,22,23,182,194,Controle
4,12,5,9,8,11,2,4,6,1,4,12,189,185,176,171,170,162,9,11,25,31,189,185,180,192,174,183,163,174,19,15,22,23,180,192,Controle
6,6,5,8,7,6,1,1,3,2,6,6,202,208,161,166,133,140,12,11,86,83,202,208,222,228,184,192,150,156,14,15,82,80,222,228,Controle
6,5,6,3,8,3,0,0,5,0,6,5,204,210,163,169,135,143,11,11,86,81,204,210,228,233,191,194,157,160,14,14,79,79,228,233,Controle
2,7,4,3,4,6,1,1,2,2,2,7,205,207,163,167,135,139,11,12,86,84,205,207,229,236,192,195,156,162,14,13,81,79,229,236,Controle
2,0,1,5,2,4,0,2,5,6,2,0,185,183,171,172,158,160,14,14,37,32,185,183,149,149,133,138,117,121,15,17,53,47,149,149,Controle
6,1,6,1,6,3,1,1,1,4,6,1,187,181,174,168,162,156,14,13,34,35,187,181,152,151,139,138,125,122,16,17,44,48,152,151,Controle
4,4,4,4,3,3,1,1,0,0,4,4,186,182,174,170,161,158,15,14,33,33,186,182,149,153,137,141,122,125,16,17,45,45,149,153,Controle
1,3,2,2,5,0,0,1,6,5,1,3,160,161,141,143,124,129,13,13,57,51,160,161,164,161,150,148,137,137,13,12,43,38,164,161,Controle
4,6,3,6,6,7,1,1,6,2,4,6,161,165,141,144,124,130,13,12,59,53,161,165,165,159,150,144,140,133,12,11,39,41,165,159,Controle
1,9,2,13,0,12,1,3,2,6,1,9,162,161,141,139,124,124,13,12,60,58,162,161,167,158,153,140,142,130,13,10,38,44,167,158,Controle
14,2,13,2,13,2,0,0,4,2,14,2,237,223,184,171,144,131,13,13,100,104,237,223,177,179,125,127,88,90,12,12,128,126,177,179,Controle
17,3,17,5,13,5,0,0,4,5,17,3,238,221,186,169,142,129,13,13,102,106,238,221,178,181,126,131,87,92,13,13,129,124,178,181,Controle
17,4,17,9,17,8,0,2,7,8,17,4,233,216,178,161,138,121,12,12,104,111,233,216,179,183,127,136,88,96,12,14,129,121,179,183,Controle
21,5,17,4,12,2,1,1,4,0,21,5,142,163,92,109,59,71,11,12,147,143,142,163,151,156,100,104,62,64,12,13,149,149,151,156,Controle
22,11,18,10,11,9,0,1,4,6,22,11,143,165,94,112,61,72,12,12,146,142,143,165,151,162,102,112,62,71,12,13,149,143,151,162,Controle
28,11,25,8,17,7,1,0,10,4,28,11,139,167,89,114,57,74,11,12,150,140,139,167,155,166,106,114,66,73,13,13,146,142,155,166,Controle
12,5,10,7,9,11,1,0,1,11,12,5,231,243,187,197,155,164,12,13,83,82,231,243,187,182,144,137,109,98,13,13,106,117,187,182,Controle
13,2,11,6,9,8,0,0,0,10,13,2,230,243,186,197,155,164,12,12,83,83,230,243,185,183,142,136,105,97,13,13,110,120,185,183,Controle
18,2,15,5,12,7,0,1,0,8,18,2,228,246,182,197,152,164,12,12,85,85,228,246,183,181,139,134,102,95,14,13,112,120,183,181,Controle
1,6,4,2,5,1,0,0,6,6,1,6,167,168,104,108,63,68,11,11,158,152,167,168,180,174,136,134,96,97,14,14,118,112,180,174,Controle
9,4,12,0,11,2,1,0,13,7,9,4,162,171,98,110,57,68,11,12,166,153,162,171,178,174,134,134,95,97,14,14,119,112,178,174,Controle
8,4,14,5,15,5,1,0,19,4,8,4,163,171,98,112,57,72,11,12,167,148,163,171,174,178,133,138,95,100,14,14,115,111,174,178,Controle
9,13,10,11,13,7,1,27,11,9,9,13,110,119,89,99,77,90,10,9,77,66,110,119,105,118,89,100,84,91,36,9,51,60,105,118,Controle
8,7,4,4,4,5,10,36,22,22,8,7,115,107,93,89,77,81,12,22,86,64,115,107,113,120,96,100,93,88,47,11,47,69,113,120,Controle
13,5,10,3,7,1,1,0,2,3,13,5,98,111,80,90,72,79,9,10,72,74,98,111,109,114,91,94,82,83,10,10,64,67,109,114,Controle
15,1,19,9,21,12,0,0,22,21,15,1,130,145,97,116,81,102,10,10,96,74,130,145,157,156,128,137,119,131,7,7,62,41,157,156,Controle
13,4,19,10,20,13,1,0,21,15,13,4,134,147,101,120,84,104,10,11,95,74,134,147,154,158,125,135,115,128,7,7,64,49,154,158,Controle
16,4,18,1,18,3,1,0,13,11,16,4,134,150,105,123,89,107,10,11,85,72,134,150,159,155,133,134,124,127,7,7,56,45,159,155,Controle
26,5,31,7,32,7,1,1,12,3,26,5,161,187,147,178,136,168,13,14,38,26,161,187,207,202,198,191,189,182,15,14,22,25,207,202,Controle
25,10,28,12,27,12,4,3,6,4,25,10,173,198,160,188,151,178,11,15,31,25,173,198,199,209,187,199,177,189,12,15,27,23,199,209,Controle
14,5,20,7,18,7,5,2,9,1,14,5,178,192,162,182,154,172,10,15,35,26,178,192,208,203,198,191,188,181,14,12,25,26,208,203,Controle
12,16,14,16,14,16,1,2,7,6,12,16,122,110,112,98,106,92,11,10,34,41,122,110,126,142,116,132,109,125,11,13,36,30,126,142,Controle
10,14,7,13,6,15,1,1,6,5,10,14,122,112,111,104,105,99,11,10,36,30,122,112,132,146,123,136,113,128,15,16,36,31,132,146,Controle
17,20,20,23,22,25,0,0,14,14,17,20,130,113,124,104,121,99,11,11,17,31,130,113,129,149,117,140,109,134,12,12,39,25,129,149,Controle
20,5,22,5,19,5,1,1,6,2,20,5,229,249,186,208,151,170,13,14,86,80,229,249,231,236,195,200,153,158,15,16,86,84,231,236,Controle
13,4,13,2,10,3,0,0,1,1,13,4,235,248,195,208,160,170,14,14,81,80,235,248,229,233,193,195,151,154,15,15,87,86,229,233,Controle
16,2,14,0,10,2,1,0,0,2,16,2,235,251,195,209,160,170,13,14,81,81,235,251,230,232,195,195,151,153,16,16,88,86,230,232,Controle
7,5,8,7,9,10,1,1,5,7,7,5,203,210,180,188,166,175,11,10,47,42,203,210,202,197,185,178,175,165,11,12,34,41,202,197,Controle
4,1,3,2,6,5,1,1,4,7,4,1,204,208,179,182,165,171,10,9,49,45,204,208,206,207,191,189,181,176,12,13,31,38,206,207,Controle
10,5,9,7,10,11,1,2,2,8,10,5,201,211,178,187,166,176,10,9,44,42,201,211,207,202,190,183,181,170,10,12,32,40,207,202,Controle
4,3,4,1,2,3,1,0,3,9,4,3,128,132,111,115,103,105,9,10,49,52,128,132,155,152,132,133,118,121,11,11,61,52,155,152,Controle
12,16,11,14,9,14,1,1,2,4,12,16,124,136,106,117,98,107,9,10,52,54,124,136,156,140,134,120,120,106,11,12,60,64,156,140,Controle
8,23,6,24,3,23,1,2,8,8,8,23,127,135,108,114,99,102,9,10,55,63,127,135,165,142,148,124,134,111,14,12,48,56,165,142,Controle
1,15,4,19,4,20,4,7,4,10,1,16,216,215,212,208,208,204,13,9,8,12,216,215,163,148,161,142,155,135,21,14,12,22,164,148,Controle
3,7,3,10,3,5,0,11,1,3,3,7,216,213,212,209,208,205,12,12,9,10,216,213,162,155,161,151,153,148,24,13,14,11,162,155,Controle
9,3,10,1,10,3,1,4,2,7,9,3,220,211,216,206,212,202,14,13,9,11,220,211,161,158,157,156,150,153,20,16,16,9,161,158,Controle
6,12,15,17,19,16,2,1,20,15,6,12,181,187,147,162,140,159,5,3,58,38,181,187,159,147,116,99,93,77,10,9,105,120,159,147,Controle
1,11,3,17,5,16,1,1,8,18,1,11,189,188,160,163,155,160,4,3,46,38,189,188,156,145,113,96,90,74,10,9,107,125,156,145,Controle
5,0,2,1,2,1,9,1,9,0,5,0,186,181,157,155,152,154,4,13,47,38,186,181,156,156,107,108,83,82,9,10,119,119,156,156,Controle
20,9,21,9,21,6,7,6,2,3,20,9,186,206,185,206,183,204,21,28,4,2,186,206,180,171,175,166,169,163,16,10,15,12,180,171,Controle
21,10,23,9,26,7,20,1,7,2,21,10,183,204,181,204,178,204,21,1,7,0,183,204,179,169,174,165,168,161,15,14,15,13,179,169,Controle
17,10,18,11,22,9,22,1,5,0,17,10,185,202,184,202,180,202,22,0,5,0,185,202,177,167,174,163,167,158,18,17,13,13,177,167,Controle
8,8,7,5,5,6,1,2,3,1,8,8,199,207,186,193,175,180,12,13,30,33,199,207,205,197,187,182,175,169,11,13,37,36,205,197,Controle
3,6,0,3,3,0,0,0,8,6,3,6,199,202,186,186,176,173,12,12,28,36,199,202,205,199,187,184,174,174,12,12,38,32,205,199,Controle
3,3,1,3,1,4,0,1,4,1,3,3,195,198,181,182,170,169,12,12,32,36,195,198,203,200,185,182,174,170,11,12,37,38,203,200,Controle
10,2,13,4,16,6,1,1,12,8,10,2,158,168,148,161,141,157,12,11,28,16,158,168,141,139,120,116,101,95,14,13,72,80,141,139,Controle
2,2,3,4,1,2,6,2,2,1,2,2,162,164,152,155,148,149,18,12,21,23,162,164,137,139,113,117,94,96,12,14,78,79,137,139,Controle
0,4,0,4,1,4,2,0,1,4,0,4,162,162,153,153,149,148,9,11,22,23,162,162,136,140,112,116,92,96,13,13,82,78,136,140,Controle
6,0,5,3,4,3,0,2,0,5,6,0,150,144,123,118,100,96,13,13,84,84,150,144,140,140,117,114,94,97,14,12,83,78,140,140,Controle
6,4,7,6,5,2,0,2,1,1,6,4,150,144,124,117,101,96,13,13,83,84,150,144,144,140,121,115,100,98,14,12,78,77,144,140,Controle
5,4,4,1,2,0,1,0,1,4,5,4,149,144,122,118,99,97,13,12,84,83,149,144,145,141,121,120,101,101,13,13,76,72,145,141,Controle
7,10,4,5,4,4,1,0,1,3,7,10,133,140,101,105,76,80,13,12,109,108,133,140,128,118,93,88,74,70,10,10,107,104,128,118,Controle
7,7,4,6,5,5,0,0,2,0,7,7,134,141,101,105,76,81,12,12,110,108,134,141,128,121,95,89,76,71,10,10,103,103,128,121,Controle
1,5,1,2,1,1,1,1,2,5,1,5,138,139,104,103,80,79,12,11,107,109,138,139,126,121,93,91,74,73,11,10,105,100,126,121,Controle
9,2,8,2,8,2,0,0,2,1,9,2,129,138,103,111,86,94,12,12,84,82,129,138,129,127,104,102,89,87,11,11,79,80,129,127,Controle
7,2,6,2,4,1,0,0,2,2,7,2,132,139,106,112,89,93,12,12,82,84,132,139,129,127,103,101,89,88,10,10,79,77,129,127,Controle
3,3,2,4,0,3,0,1,4,3,3,3,133,136,107,109,90,90,12,12,82,86,133,136,131,128,106,102,91,88,11,10,77,80,131,128,Controle
13,12,15,13,16,16,2,1,5,8,13,12,181,168,174,159,166,150,16,14,21,26,181,168,171,159,160,147,151,135,13,14,30,38,171,159,Hanseniase
24,7,27,9,29,11,1,1,11,8,24,7,186,162,179,152,171,142,15,14,20,31,186,162,169,162,159,150,150,139,13,14,28,36,169,162,Hanseniase
20,7,21,8,23,11,1,2,8,8,20,7,182,162,174,153,167,144,15,14,21,29,182,162,168,161,157,149,148,137,13,15,29,37,168,161,Hanseniase
7,13,13,12,9,5,25,111,4,3,7,13,219,212,183,170,177,168,4,29,49,53,219,212,206,193,164,152,157,152,4,115,59,56,206,193,Hanseniase
18,26,21,19,18,14,14,80,4,6,18,26,225,207,188,167,183,165,3,17,47,51,225,207,213,187,169,150,164,150,3,83,58,52,213,187,Hanseniase
26,28,30,31,27,25,4,51,9,6,26,28,222,196,187,157,178,151,5,9,50,59,222,196,212,184,172,141,163,138,5,56,58,64,212,184,Hanseniase
42,28,42,32,37,28,1,2,19,15,42,28,181,139,135,93,114,77,9,8,94,113,181,139,174,146,139,107,117,89,11,9,83,98,174,146,Hanseniase
44,32,46,34,39,32,3,1,22,18,44,32,180,136,136,90,113,74,10,7,94,116,180,136,166,134,131,97,111,79,11,10,85,103,166,134,Hanseniase
51,48,48,43,43,41,2,0,22,18,51,48,177,126,131,83,110,67,9,7,96,118,177,126,171,123,133,90,115,74,9,9,84,102,171,123,Hanseniase
44,61,52,69,61,79,0,1,43,57,44,61,221,177,183,131,157,96,12,12,73,116,221,177,217,156,178,109,158,79,10,11,69,126,217,156,Hanseniase
43,41,50,50,56,61,0,1,39,44,43,41,215,172,176,126,148,92,12,12,79,118,215,172,220,179,181,131,157,96,11,12,73,117,220,179,Hanseniase
46,39,54,43,60,44,0,0,40,28,46,39,219,173,181,127,154,94,12,12,76,116,219,173,210,171,166,123,134,90,12,12,91,119,210,171,Hanseniase
63,6,58,3,51,1,1,1,27,7,63,6,124,187,88,146,62,113,12,13,127,100,124,187,184,190,148,151,123,122,12,13,84,91,184,190,Hanseniase
50,8,48,5,40,3,1,0,20,3,50,8,135,185,96,144,70,110,12,13,122,102,135,185,183,191,147,152,118,121,13,13,90,93,183,191,Hanseniase
41,17,36,16,28,16,1,0,7,7,41,17,144,185,105,141,79,107,12,13,115,108,144,185,179,196,144,160,115,131,13,13,91,84,179,196,Hanseniase
38,19,36,23,38,21,2,2,21,14,38,19,169,131,139,103,120,82,11,13,73,94,169,131,148,129,125,102,108,87,12,10,68,82,148,129,Hanseniase
30,22,28,26,33,28,2,0,20,20,30,22,165,135,136,108,118,85,11,13,73,93,165,135,156,134,135,109,120,92,12,12,59,79,156,134,Hanseniase
39,20,38,22,43,27,2,1,26,22,39,20,172,133,144,106,126,83,11,13,68,94,172,133,154,134,131,109,118,91,11,12,60,82,154,134,Hanseniase
21,13,34,16,26,15,5,2,24,12,21,13,151,130,128,94,104,78,14,9,78,102,151,130,157,144,126,110,111,96,10,8,73,85,157,144,Hanseniase
22,16,33,20,26,17,5,1,24,10,22,16,149,127,124,91,102,76,13,8,80,104,149,127,157,141,125,105,110,93,9,8,76,86,157,141,Hanseniase
35,40,42,43,30,42,8,1,19,27,35,40,149,114,124,82,100,70,15,7,82,101,149,114,162,122,129,86,114,72,9,8,76,103,162,122,Hanseniase
67,56,67,54,68,59,1,2,30,27,67,56,195,128,168,101,154,86,10,11,53,83,195,128,199,143,169,115,157,98,9,11,54,81,199,143,Hanseniase
69,57,69,59,69,62,0,1,31,31,69,57,191,122,163,94,149,80,10,10,56,87,191,122,197,140,169,110,156,94,9,10,53,84,197,140,Hanseniase
70,56,71,58,72,63,0,2,35,35,70,56,194,124,167,96,154,82,9,9,51,86,194,124,195,139,166,108,153,90,8,10,54,89,195,139,Hanseniase
4,6,11,1,18,3,4,4,20,4,4,6,184,180,158,147,153,135,4,8,43,63,184,180,181,187,154,153,141,144,9,5,55,59,181,187,Hanseniase
15,17,21,12,24,20,0,5,17,8,15,17,194,179,168,147,159,135,7,7,45,62,194,179,173,190,144,156,129,149,10,5,64,56,173,190,Hanseniase
28,2,41,4,46,2,0,2,36,6,28,2,194,166,168,127,158,112,8,8,47,83,194,166,182,184,154,150,142,140,9,7,55,61,182,184,Hanseniase
24,34,27,38,33,38,1,1,21,17,24,34,198,174,171,144,149,116,13,14,63,84,198,174,209,175,182,144,157,119,14,13,63,80,209,175,Hanseniase
25,47,25,51,30,52,2,1,15,25,25,47,198,173,169,144,145,115,13,15,69,84,198,173,215,168,188,137,163,111,14,13,61,86,215,168,Hanseniase
25,51,27,53,31,54,1,0,18,24,25,51,199,174,171,144,147,116,13,14,66,84,199,174,221,170,190,137,166,112,12,12,62,86,221,170,Hanseniase
5,19,8,24,5,12,2,141,0,1,5,19,219,214,181,173,176,171,3,5,50,50,219,214,215,196,178,154,168,156,6,147,55,54,215,196,Hanseniase
10,24,13,19,10,14,30,65,2,5,10,24,223,213,186,173,181,171,3,33,48,50,223,213,213,189,170,151,165,151,3,68,57,52,213,189,Hanseniase
14,26,21,26,16,32,1,4,5,17,14,26,227,213,195,174,186,170,6,5,46,51,227,213,205,179,167,141,161,129,4,8,54,71,205,179,Hanseniase
9,21,12,20,11,22,2,1,5,6,9,21,189,180,175,163,164,153,13,11,33,38,189,180,205,184,188,168,178,156,11,12,33,39,205,184,Hanseniase
9,21,11,21,10,22,2,2,3,5,9,21,188,179,173,162,162,152,12,10,34,37,188,179,208,187,191,170,181,159,10,12,33,38,208,187,Hanseniase
12,22,15,22,14,23,2,0,6,6,12,22,189,177,175,160,166,152,12,10,30,36,189,177,209,187,191,169,181,158,11,11,33,39,209,187,Hanseniase
42,44,44,48,49,48,129,39,10,10,42,44,218,176,209,165,210,161,136,7,10,20,218,176,218,174,208,160,207,159,41,2,12,22,218,174,Hanseniase
47,46,51,49,56,50,172,1,15,8,47,46,216,169,207,156,208,152,177,5,10,25,216,169,218,172,208,159,207,157,2,3,13,21,218,172,Hanseniase
55,42,57,46,60,45,169,3,10,8,55,42,218,163,209,152,210,150,173,4,10,20,218,163,212,170,201,155,199,154,4,1,15,23,212,170,Hanseniase
26,44,30,54,32,56,1,3,12,27,26,44,203,177,196,166,185,153,17,16,22,34,203,177,195,151,186,132,177,121,14,11,24,51,195,151,Hanseniase
30,29,33,37,34,40,2,3,10,22,30,29,206,176,200,167,188,154,19,17,22,32,206,176,198,169,190,153,182,142,15,12,19,41,198,169,Hanseniase
26,13,26,20,25,19,0,4,4,9,26,13,201,175,191,165,179,154,16,16,27,31,201,175,195,182,185,165,176,157,14,10,25,34,195,182,Hanseniase
13,7,21,10,29,15,0,1,25,13,13,7,195,182,181,160,168,139,14,14,35,60,195,182,191,184,169,159,148,133,14,15,57,70,191,184,Hanseniase
5,12,14,15,19,21,1,1,20,16,5,12,194,189,179,165,166,147,13,12,36,56,194,189,196,184,174,159,154,133,14,15,54,70,196,184,Hanseniase
2,6,5,6,9,12,0,2,15,10,2,6,191,193,175,170,162,153,13,13,38,53,191,193,191,185,166,160,146,134,13,15,59,69,191,185,Hanseniase
12,2,13,2,18,2,1,0,8,0,12,2,223,211,206,193,190,172,15,16,38,46,223,211,202,204,184,186,164,166,16,16,47,47,202,204,Hanseniase
12,2,13,2,14,2,1,1,4,1,12,2,227,215,211,198,193,179,16,15,38,42,227,215,202,200,184,182,164,162,15,16,47,48,202,200,Hanseniase
11,9,12,10,14,12,2,1,6,4,11,9,225,214,208,196,190,176,14,16,39,45,225,214,208,199,191,181,171,159,15,16,46,50,208,199,Hanseniase
37,51,36,47,31,41,1,1,21,21,37,51,164,127,122,86,95,64,11,10,106,127,164,127,168,117,126,79,102,61,10,9,100,121,168,117,Hanseniase
32,49,38,42,34,35,2,0,27,15,32,49,169,137,132,94,104,70,12,10,98,125,169,137,166,117,121,79,95,60,10,10,108,123,166,117,Hanseniase
23,46,25,48,19,44,2,1,13,32,23,46,162,139,122,97,93,74,12,10,108,121,162,139,166,120,129,81,105,61,11,10,93,125,166,120,Hanseniase
2,23,1,21,0,14,0,2,3,1,2,23,153,151,108,107,88,88,9,9,109,106,153,151,155,132,111,90,90,76,9,7,108,109,155,132,Hanseniase
14,16,12,13,8,9,1,1,2,1,14,16,159,145,113,101,92,84,9,8,107,109,159,145,149,133,103,90,85,76,8,7,110,111,149,133,Hanseniase
9,12,8,10,4,3,1,2,2,5,9,12,158,149,113,105,91,87,9,8,108,106,158,149,154,142,108,98,87,84,9,7,111,106,154,142,Hanseniase
27,30,31,32,29,32,2,0,16,20,27,30,177,150,145,114,127,98,10,8,71,87,177,150,167,137,131,99,115,83,9,9,79,99,167,137,Hanseniase
14,38,18,42,21,45,1,0,18,31,14,38,168,154,135,117,121,100,8,9,71,89,168,154,177,139,144,102,131,86,8,8,66,97,177,139,Hanseniase
20,30,24,31,24,35,0,1,17,24,20,30,170,150,138,114,123,99,9,9,70,87,170,150,173,143,137,106,124,89,8,9,72,96,173,143,Hanseniase
49,42,65,51,84,69,2,5,83,72,49,42,195,146,162,97,142,58,11,13,69,152,195,146,182,140,142,91,130,61,6,11,73,145,182,140,Vitiligo
25,29,40,44,62,71,2,7,66,79,25,29,195,170,160,120,139,77,11,13,72,138,195,170,192,163,156,112,149,78,4,11,57,136,192,163,Vitiligo
17,14,31,20,47,44,2,7,54,52,17,14,187,170,149,118,124,77,11,13,85,139,187,170,186,172,145,125,136,92,5,12,69,121,186,172,Vitiligo
46,18,45,20,54,28,3,2,25,20,46,18,249,203,190,145,178,124,5,8,73,98,249,203,220,202,163,143,150,122,5,7,80,100,220,202,Vitiligo
49,13,48,4,57,19,3,4,29,12,49,13,244,195,185,137,173,116,5,8,74,103,244,195,226,213,151,147,139,120,4,8,98,110,226,213,Vitiligo
29,21,41,16,55,30,2,4,40,21,29,21,244,215,192,151,179,124,6,8,67,107,244,215,231,210,160,144,147,117,4,8,92,113,231,210,Vitiligo
51,3,52,1,66,8,5,5,53,11,51,3,177,126,141,89,139,73,4,9,55,108,177,126,148,145,107,108,100,92,4,9,82,93,148,145,Vitiligo
44,19,40,15,56,23,2,4,43,18,44,19,176,132,135,95,133,77,7,9,62,105,176,132,153,134,112,97,105,82,4,8,80,98,153,134,Vitiligo
42,34,40,30,61,39,65,5,47,33,42,34,187,145,150,110,151,90,76,11,50,97,187,145,155,121,112,82,106,67,3,8,80,113,155,121,Vitiligo
13,28,12,21,33,42,0,168,29,21,13,28,210,197,165,153,163,130,10,10,57,86,210,197,218,190,170,149,174,132,176,8,56,77,218,190,Vitiligo
10,19,5,14,28,31,16,18,26,21,10,19,211,201,167,162,166,138,27,11,54,80,211,201,218,199,177,163,176,145,27,9,48,69,218,199,Vitiligo
5,15,0,9,21,26,21,21,21,17,5,15,205,200,162,162,158,137,32,11,58,79,205,200,215,200,176,167,175,149,31,10,47,64,215,200,Vitiligo
15,13,16,8,26,24,12,94,18,16,15,13,217,202,178,162,177,151,18,6,47,65,217,202,225,212,184,176,185,161,102,8,45,61,225,212,Vitiligo
13,21,21,31,31,41,105,62,26,27,13,21,212,199,172,151,172,141,110,5,48,74,212,199,229,208,198,167,198,157,68,6,35,62,229,208,Vitiligo
27,3,27,7,40,6,171,3,18,10,27,3,232,205,196,169,199,159,177,6,39,57,232,205,206,209,174,167,167,161,7,4,48,58,206,209,Vitiligo
24,114,39,75,54,78,7,27,57,39,24,111,176,152,156,117,152,98,4,11,33,90,176,152,193,79,157,82,157,79,31,58,48,9,193,82,Vitiligo
23,14,39,13,55,33,7,156,58,30,23,14,173,150,154,115,151,96,4,11,33,91,173,150,187,173,148,135,149,116,165,9,53,83,187,173,Vitiligo
20,22,33,16,50,35,6,44,54,27,20,22,172,152,153,120,149,99,5,11,34,88,172,152,193,171,150,134,150,115,54,10,57,84,193,171,Vitiligo
0,16,5,22,14,6,2,7,22,5,0,16,154,154,122,117,103,89,11,13,84,106,154,154,175,191,122,144,116,122,2,9,86,91,175,191,Vitiligo
9,8,5,11,6,3,4,22,20,9,9,8,146,155,113,118,97,91,9,13,85,105,146,155,181,189,124,135,123,120,28,6,83,92,181,189,Vitiligo
5,12,13,16,26,3,3,1,37,6,5,12,157,152,128,115,113,87,10,13,71,108,157,152,174,186,115,131,111,114,7,6,93,99,174,186,Vitiligo
52,24,76,37,100,62,3,8,82,51,52,24,225,173,205,129,196,96,9,12,32,114,225,173,233,209,208,171,202,140,5,13,33,84,233,209,Vitiligo
65,34,90,50,114,79,2,9,84,62,65,34,235,170,217,127,208,94,10,12,29,113,235,170,234,200,208,158,204,125,4,13,33,95,234,200,Vitiligo
70,37,93,53,119,79,5,8,86,58,70,37,240,170,221,128,213,94,8,13,28,114,240,170,240,203,214,161,210,131,4,12,32,90,240,203,Vitiligo
23,31,23,43,32,62,3,6,25,55,23,31,189,166,150,127,130,98,9,12,79,104,189,166,203,172,170,127,165,103,4,10,47,102,203,172,Vitiligo
25,32,32,45,57,58,8,4,55,48,25,32,195,170,163,131,157,100,5,13,49,104,195,170,201,169,170,125,160,102,6,10,52,100,201,169,Vitiligo
22,28,26,31,42,42,5,4,38,32,22,28,192,170,158,132,145,103,7,12,62,100,192,170,195,167,159,128,147,105,6,10,62,94,195,167,Vitiligo
43,18,53,21,67,36,4,5,45,32,43,18,245,202,184,131,181,114,1,5,67,112,245,202,217,199,148,127,144,108,1,6,84,116,217,199,Vitiligo
30,39,38,36,53,54,5,5,41,37,30,39,235,205,168,130,164,111,1,6,76,117,235,205,232,193,159,123,156,102,1,6,83,120,232,193,Vitiligo
38,51,39,54,47,71,2,5,26,46,38,51,249,211,183,144,176,129,3,5,74,100,249,211,247,196,180,126,174,103,2,7,75,121,247,196,Vitiligo
35,20,48,31,61,40,3,2,46,35,35,20,244,209,178,130,170,109,3,6,76,122,244,209,215,195,147,116,140,100,2,4,89,124,215,195,Vitiligo
35,38,41,51,54,59,3,1,37,44,35,38,245,210,175,134,167,113,3,6,80,117,245,210,231,193,162,111,154,95,3,4,85,129,231,193,Vitiligo
51,56,64,76,76,84,3,1,50,59,51,56,252,201,190,126,181,105,3,6,71,121,252,201,246,190,182,106,175,91,3,4,74,133,246,190,Vitiligo
